Population size,Life span (sec),Max generations,New genes probability,Mutation rate,Selection function,Crossover operator
100,30,100,0.200000,0.010000,Roulette,One point
,,,,Roulette sections,100,
,,,,Tournament members,2,
,,,,,,
1,60.000004,137.110001,550.103638,101.555130,53.485889,55.871693,56.337578,56.133862,78.443161,79.270782,79.988281,79.961021,30.244209,30.193375,30.425671,30.065054,<-22.235510 | 51.377201>,<-69.120575 | -36.944077>,<-19.573261 | 50.601246>,<-68.513329 | -34.824203>,<159.200531 | 159.200531>,<-0.416767 | -0.416767>,<158.733643 | 158.733643>,<-0.647659 | -0.647659>,<-155.573853 | -155.573853>,<-154.567230 | -154.567230>,<-145.330246 | -145.330246>,<-159.406921 | -159.406921>
2,46.000000,167.679993,577.548706,99.070740,51.824112,55.914444,56.081295,54.980644,78.443161,79.270782,79.988281,79.429214,30.244209,30.864265,30.633266,30.065054,<-14.594544 | 48.429649>,<-66.519516 | -34.845699>,<-14.221127 | 46.401367>,<-66.427444 | -33.421951>,<159.200531 | 159.200531>,<-0.416767 | -0.416767>,<157.388702 | 157.388702>,<-0.647659 | -0.647659>,<-144.075058 | -144.075058>,<-154.567230 | -154.567230>,<-142.876862 | -142.876862>,<-159.406921 | -159.406921>
3,29.000000,207.539993,579.533081,80.986366,52.561455,55.411343,54.825775,54.715530,78.219711,79.270782,79.600708,79.429214,30.244209,30.864265,30.633266,30.065054,<-5.829507 | 37.920589>,<-58.131500 | -31.197319>,<-3.086349 | 40.666840>,<-63.108013 | -32.421566>,<159.200531 | 159.200531>,<-0.416767 | -0.416767>,<139.312134 | 139.312134>,<-0.647659 | -0.647659>,<-98.650360 | -98.650360>,<-154.567230 | -154.567230>,<-113.724808 | -113.724808>,<-154.561661 | -154.561661>
4,11.000000,252.679993,535.015747,82.728813,53.646107,54.727856,55.134903,54.582672,78.219711,79.270782,79.600708,79.429214,30.244209,30.864265,30.680548,30.065054,<-2.429978 | 34.335873>,<-50.828281 | -29.925617>,<2.335754 | 35.792187>,<-58.633915 | -31.086836>,<159.200531 | 159.200531>,<-0.610622 | -0.610622>,<139.312134 | 139.312134>,<-0.647659 | -0.647659>,<-87.017830 | -87.017830>,<-154.567230 | -154.567230>,<-74.508049 | -74.508049>,<-154.561661 | -154.561661>
5,4.000000,276.000000,578.203430,89.712791,53.118351,55.477875,56.372944,54.179161,78.219711,79.270782,79.600708,79.429214,30.244209,30.864265,33.411549,30.065054,<3.756429 | 33.309818>,<-46.451462 | -27.792658>,<3.211064 | 33.594788>,<-58.032681 | -27.103252>,<159.200531 | 159.200531>,<-0.610622 | -0.610622>,<139.312134 | 139.312134>,<-0.647659 | -0.647659>,<-87.017830 | -87.017830>,<-139.674713 | -139.674713>,<-74.508049 | -74.508049>,<-154.561661 | -154.561661>
6,2.000000,298.260010,633.980591,78.557686,53.375381,55.908043,57.101639,53.246075,78.219711,79.270782,78.838188,79.429214,30.244209,30.864265,33.411549,30.065054,<7.575330 | 32.706055>,<-45.213814 | -27.744696>,<4.821557 | 34.415951>,<-56.897099 | -29.074478>,<159.200531 | 159.200531>,<-0.818844 | -0.818844>,<139.312134 | 139.312134>,<-0.647659 | -0.647659>,<-40.714600 | -40.714600>,<-139.674713 | -139.674713>,<-30.588911 | -30.588911>,<-154.561661 | -154.561661>
7,0.000000,313.559998,524.374634,120.520187,54.772930,56.787769,57.644077,52.618080,78.219711,79.270782,78.838188,78.210106,32.262573,30.864265,33.411549,30.065054,<8.445361 | 31.367474>,<-42.490108 | -24.459351>,<2.660422 | 30.686102>,<-53.821091 | -29.134686>,<159.200531 | 159.200531>,<-3.533672 | -3.533672>,<139.312134 | 139.312134>,<-0.647659 | -0.647659>,<-31.921883 | -31.921883>,<-139.674713 | -139.674713>,<-30.588911 | -30.588911>,<-148.294266 | -148.294266>
8,0.000000,328.880005,560.872009,160.428726,56.024834,57.364468,57.668087,53.121841,78.219711,78.546631,78.838188,78.210106,32.262573,30.864265,33.411549,30.065054,<8.747163 | 31.439386>,<-42.408512 | -25.291071>,<4.746259 | 31.431929>,<-51.396263 | -29.084967>,<159.200531 | 159.200531>,<-3.533672 | -3.533672>,<133.792847 | 133.792847>,<-0.647659 | -0.647659>,<-31.921883 | -31.921883>,<-138.539413 | -138.539413>,<-27.684662 | -27.684662>,<-148.294266 | -148.294266>
9,0.000000,364.600006,635.986694,157.256775,56.552792,59.186821,57.344765,53.300331,78.219711,78.546631,78.838188,78.210106,32.262573,30.864265,33.411549,30.065054,<4.787356 | 26.726032>,<-37.733410 | -20.403946>,<6.186680 | 29.129017>,<-49.554935 | -30.298986>,<143.565430 | 143.565430>,<-3.533672 | -3.533672>,<133.792847 | 133.792847>,<-0.647659 | -0.647659>,<-31.921883 | -31.921883>,<-138.539413 | -138.539413>,<-27.684662 | -27.684662>,<-126.549515 | -126.549515>
10,1.000000,371.820007,701.442871,180.381927,55.429268,60.486362,56.637241,53.750229,78.183105,78.546631,78.838188,78.210106,32.262573,36.889206,33.411549,34.456699,<3.902979 | 27.157906>,<-37.138512 | -19.802605>,<3.540812 | 26.357483>,<-46.009541 | -26.973885>,<143.565430 | 143.565430>,<-3.533672 | -3.533672>,<126.638428 | 126.638428>,<-0.647659 | -0.647659>,<-87.434265 | -87.434265>,<-138.539413 | -138.539413>,<-140.451065 | -140.451065>,<-133.709061 | -133.709061>
11,2.000000,387.609985,715.711975,187.048462,54.581444,62.260586,55.398121,53.967705,78.333908,78.546631,78.838188,78.210106,32.262573,36.889206,33.411549,34.456699,<2.085204 | 25.160450>,<-36.499863 | -18.202536>,<3.124154 | 23.291553>,<-42.267200 | -24.249544>,<143.565430 | 143.565430>,<-3.533672 | -3.533672>,<112.630951 | 112.630951>,<-0.647659 | -0.647659>,<-39.678650 | -39.678650>,<-138.539413 | -138.539413>,<-73.404068 | -73.404068>,<-118.724030 | -118.724030>
12,1.000000,395.730011,675.235657,156.284348,53.624722,62.805099,55.425636,53.431717,78.183105,78.546631,78.838188,78.210106,32.262573,36.889206,33.411549,34.456699,<0.662797 | 24.763422>,<-34.944515 | -15.906681>,<1.628163 | 20.469124>,<-38.591618 | -20.226963>,<143.565430 | 143.565430>,<-0.086838 | -0.086838>,<112.630951 | 112.630951>,<-0.647659 | -0.647659>,<-59.229355 | -59.229355>,<-138.539413 | -138.539413>,<-152.016525 | -152.016525>,<-118.724030 | -118.724030>
13,0.000000,402.570007,687.302795,142.666321,52.465054,64.169975,54.992455,52.102230,78.183105,78.546631,78.838188,78.210106,32.262573,36.889206,33.411549,34.456699,<1.053513 | 24.285442>,<-34.138851 | -15.821007>,<3.528351 | 19.019026>,<-36.041859 | -18.689972>,<143.565430 | 143.565430>,<-3.533672 | -3.533672>,<112.630951 | 112.630951>,<-0.647659 | -0.647659>,<-27.113207 | -27.113207>,<-138.539413 | -138.539413>,<-27.684662 | -27.684662>,<-118.724030 | -118.724030>
14,0.000000,416.160004,714.736084,211.065659,53.068348,63.574928,55.674999,52.299755,78.183105,78.546631,78.838188,78.210106,32.262573,36.889206,33.411549,34.456699,<0.596888 | 21.203053>,<-31.591743 | -13.354971>,<3.532844 | 17.943895>,<-36.278893 | -18.897272>,<41.522018 | 41.522018>,<-3.533672 | -3.533672>,<60.858536 | 60.858536>,<-0.647659 | -0.647659>,<-15.215075 | -15.215075>,<-65.114670 | -65.114670>,<-27.684662 | -27.684662>,<-118.724030 | -118.724030>
15,0.000000,441.480011,749.386475,237.655777,52.970070,64.627983,54.415272,52.561859,78.183105,78.546631,78.838188,78.210106,32.262573,36.889206,33.411549,34.456699,<0.801332 | 20.333921>,<-32.062218 | -13.497641>,<2.893059 | 16.755135>,<-33.630360 | -18.939457>,<41.522018 | 41.522018>,<-3.533672 | -3.533672>,<60.858536 | 60.858536>,<-0.647659 | -0.647659>,<-15.215075 | -15.215075>,<-65.114670 | -65.114670>,<-27.684662 | -27.684662>,<-94.546333 | -94.546333>
16,0.000000,432.149994,695.346008,158.982361,52.681450,65.047318,54.797031,52.280853,78.183105,78.546631,78.838188,78.210106,32.262573,36.889206,33.411549,34.456699,<0.267783 | 19.677727>,<-32.963898 | -14.424726>,<3.090044 | 17.421770>,<-34.993370 | -19.166994>,<39.690262 | 39.690262>,<-3.533672 | -3.533672>,<141.290039 | 141.290039>,<-0.647659 | -0.647659>,<-15.215075 | -15.215075>,<-154.960297 | -154.960297>,<-27.684662 | -27.684662>,<-94.546333 | -94.546333>
17,1.000000,456.019989,756.098816,219.326019,54.629601,65.389565,56.720112,51.102806,76.741547,78.546631,78.838188,79.327614,32.262573,36.889206,33.411549,36.877819,<0.078535 | 19.288715>,<-31.624290 | -14.052077>,<1.403545 | 15.634183>,<-34.781055 | -18.744068>,<39.690262 | 39.690262>,<-5.281303 | -5.281303>,<72.388382 | 72.388382>,<-0.647659 | -0.647659>,<-24.818420 | -24.818420>,<-81.691254 | -81.691254>,<-143.820648 | -143.820648>,<-137.334427 | -137.334427>
18,3.000000,432.260010,669.456848,237.368484,54.265854,65.043610,54.317272,51.603477,76.741547,78.824249,78.838188,78.210106,32.262573,36.889206,33.411549,36.877819,<-1.524599 | 20.040531>,<-32.435516 | -15.978626>,<2.101231 | 16.664604>,<-35.326855 | -19.826227>,<74.376526 | 74.376526>,<-5.281303 | -5.281303>,<143.639587 | 143.639587>,<-0.647659 | -0.647659>,<-71.462044 | -71.462044>,<-126.330475 | -126.330475>,<-58.144547 | -58.144547>,<-115.989052 | -115.989052>
19,0.000000,453.140015,742.118774,232.779221,54.905167,65.104439,55.692387,51.975006,76.741547,78.546631,78.838188,78.210106,32.262573,36.889206,33.411549,36.877819,<0.059971 | 19.505806>,<-30.961803 | -14.616267>,<2.623721 | 14.286245>,<-33.769188 | -18.361134>,<35.094879 | 35.094879>,<-5.281303 | -5.281303>,<60.858536 | 60.858536>,<-0.647659 | -0.647659>,<-15.215075 | -15.215075>,<-44.310844 | -44.310844>,<-27.684662 | -27.684662>,<-59.224941 | -59.224941>
20,0.000000,457.519989,668.738281,285.421448,56.065292,65.180374,56.897903,50.181610,76.741547,78.546631,78.838188,78.210106,32.262573,36.889206,33.411549,36.877819,<0.381367 | 19.514687>,<-30.999994 | -14.853863>,<2.810037 | 14.364204>,<-33.688564 | -18.654085>,<35.094879 | 35.094879>,<-5.281303 | -5.281303>,<60.858536 | 60.858536>,<-0.647659 | -0.647659>,<-15.215075 | -15.215075>,<-44.310844 | -44.310844>,<-27.684662 | -27.684662>,<-59.224941 | -59.224941>
21,3.000000,457.029999,687.306152,321.763855,56.154034,65.984230,55.450600,51.472382,76.741547,78.546631,79.630348,78.210106,32.262573,36.889206,33.411549,30.345955,<-1.354919 | 20.853613>,<-31.967432 | -15.794143>,<3.447620 | 14.499268>,<-34.907810 | -19.396143>,<118.148773 | 118.148773>,<-5.281303 | -5.281303>,<123.255005 | 123.255005>,<-0.647659 | -0.647659>,<-123.207397 | -123.207397>,<-143.425613 | -143.425613>,<-97.168327 | -97.168327>,<-101.799271 | -101.799271>
22,1.000000,466.000000,746.464722,266.178955,58.945335,66.612259,56.297897,50.395058,76.741547,78.546631,78.838188,78.210106,32.262573,36.889206,33.411549,36.877819,<-0.472713 | 19.108511>,<-31.405972 | -14.448014>,<2.669414 | 14.389748>,<-34.096001 | -20.279398>,<35.094879 | 35.094879>,<-5.281303 | -5.281303>,<139.293121 | 139.293121>,<-3.156628 | -3.156628>,<-112.767120 | -112.767120>,<-153.524811 | -153.524811>,<-38.369835 | -38.369835>,<-138.863174 | -138.863174>
23,0.000000,469.579987,792.036926,243.313461,58.757183,67.096275,56.142838,51.706539,76.741547,78.891953,78.838188,78.210106,32.262573,36.889206,33.411549,36.877819,<1.034250 | 19.210518>,<-31.278509 | -14.626295>,<3.634410 | 13.757086>,<-34.646950 | -20.385811>,<35.160690 | 35.160690>,<-5.281303 | -5.281303>,<60.858536 | 60.858536>,<-0.573967 | -0.573967>,<-13.325546 | -13.325546>,<-107.943977 | -107.943977>,<-27.684662 | -27.684662>,<-65.959488 | -65.959488>
24,0.000000,475.859985,802.138428,306.856201,57.769241,67.941498,56.461197,51.512917,76.741547,78.891953,78.838188,78.210106,32.262573,36.889206,33.411549,36.877819,<1.114020 | 19.138428>,<-30.547041 | -14.060022>,<3.635990 | 14.824381>,<-34.043228 | -20.231256>,<35.160690 | 35.160690>,<-5.281303 | -5.281303>,<60.858536 | 60.858536>,<-0.573967 | -0.573967>,<-1.026756 | -1.026756>,<-42.910866 | -42.910866>,<-27.684662 | -27.684662>,<-59.224941 | -59.224941>
25,0.000000,497.869995,809.036987,306.635315,58.675156,68.380669,56.667557,51.650902,76.741547,78.891953,78.838188,78.729431,32.262573,36.889206,33.411549,36.877819,<0.631617 | 19.451435>,<-29.953102 | -13.730522>,<3.306661 | 13.905766>,<-33.121021 | -19.602068>,<35.855034 | 35.855034>,<-2.160450 | -2.160450>,<60.858536 | 60.858536>,<-0.573967 | -0.573967>,<-23.711250 | -23.711250>,<-42.910866 | -42.910866>,<-27.684662 | -27.684662>,<-59.224941 | -59.224941>
26,0.000000,499.640015,697.960693,342.523895,58.701759,68.246902,58.231182,51.796230,76.741547,78.891953,78.838188,78.210106,32.701626,36.889206,33.411549,36.877819,<1.023823 | 19.715815>,<-29.712629 | -14.442474>,<3.869941 | 12.706952>,<-31.808777 | -19.330465>,<24.543015 | 24.543015>,<-5.281303 | -5.281303>,<60.858536 | 60.858536>,<-12.362682 | -12.362682>,<-1.026756 | -1.026756>,<-42.910866 | -42.910866>,<-27.684662 | -27.684662>,<-59.224941 | -59.224941>
27,0.000000,513.900024,806.159607,320.464325,59.578789,69.362038,58.141911,52.187008,76.741547,78.891953,78.838188,78.210106,32.701626,36.889206,33.411549,36.877819,<1.152886 | 19.903240>,<-29.334183 | -14.001102>,<3.613127 | 12.369690>,<-30.413280 | -18.885160>,<24.543015 | 24.543015>,<-5.281303 | -5.281303>,<23.596516 | 23.596516>,<-12.362682 | -12.362682>,<-1.026756 | -1.026756>,<-37.502022 | -37.502022>,<-27.684662 | -27.684662>,<-59.224941 | -59.224941>
28,0.000000,530.450012,750.812500,341.519714,60.695824,70.793655,59.749699,52.160866,76.741547,78.891953,78.838188,78.210106,32.701626,46.031139,33.411549,36.877819,<1.202343 | 19.760714>,<-29.628761 | -13.219995>,<4.030362 | 12.275837>,<-28.403631 | -18.346153>,<24.543015 | 24.543015>,<-5.281303 | -5.281303>,<23.596516 | 23.596516>,<-12.362682 | -12.362682>,<-1.026756 | -1.026756>,<-37.502022 | -37.502022>,<-5.141064 | -5.141064>,<-59.224941 | -59.224941>
29,2.000000,518.780029,765.165222,330.543121,62.642406,72.802498,60.591835,53.043652,76.741547,78.891953,78.838188,78.210106,37.032291,46.031139,33.411549,33.655479,<0.007407 | 19.755407>,<-31.502447 | -13.059486>,<4.159121 | 14.512362>,<-29.042854 | -18.364771>,<24.543015 | 24.543015>,<-5.183716 | -5.183716>,<146.877960 | 146.877960>,<-12.362682 | -12.362682>,<-64.311531 | -64.311531>,<-156.892441 | -156.892441>,<-5.141064 | -5.141064>,<-112.614113 | -112.614113>
30,1.000000,513.640015,754.596375,365.912476,62.540306,71.469254,61.002331,52.305508,76.741547,78.891953,78.838188,78.210106,46.917061,46.031139,33.411549,36.877819,<1.413113 | 20.928913>,<-29.930641 | -13.752157>,<2.685101 | 12.158429>,<-28.824732 | -18.852842>,<93.710495 | 93.710495>,<-5.281303 | -5.281303>,<23.596516 | 23.596516>,<-1.137817 | -1.137817>,<-1.026756 | -1.026756>,<-55.128647 | -55.128647>,<-92.225021 | -92.225021>,<-59.224941 | -59.224941>
31,0.000000,524.169983,683.756226,287.556183,61.979210,70.267143,61.180965,51.690598,76.741547,78.891953,78.838188,78.210106,46.917061,46.031139,33.411549,36.877819,<1.281398 | 20.376886>,<-30.439671 | -12.886456>,<4.132422 | 12.500379>,<-28.869440 | -18.031137>,<33.228012 | 33.228012>,<-4.480507 | -4.480507>,<36.659561 | 36.659561>,<-0.206642 | -0.206642>,<-8.156990 | -8.156990>,<-107.203934 | -107.203934>,<-5.141064 | -5.141064>,<-95.782600 | -95.782600>
32,1.000000,515.359985,745.704590,176.807709,61.599098,71.173836,59.946667,53.170059,76.741547,78.891953,78.838188,78.210106,44.902428,33.313820,33.411549,36.877819,<0.120556 | 21.455317>,<-30.418362 | -13.305868>,<2.154643 | 13.077056>,<-29.289085 | -19.297970>,<100.572021 | 100.572021>,<-5.281303 | -5.281303>,<93.834259 | 93.834259>,<-12.362682 | -12.362682>,<-130.900269 | -130.900269>,<-84.495392 | -84.495392>,<-132.177536 | -132.177536>,<-130.040955 | -130.040955>
33,0.000000,534.650024,709.604675,195.761276,62.354145,71.531342,58.895153,52.475765,76.741547,78.891953,78.838188,78.210106,46.917061,33.313820,33.411549,36.877819,<1.496156 | 20.752172>,<-30.368507 | -13.225345>,<3.712401 | 12.253142>,<-28.769356 | -19.071804>,<36.873314 | 36.873314>,<-5.281303 | -5.281303>,<23.596516 | 23.596516>,<-12.362682 | -12.362682>,<-1.026756 | -1.026756>,<-48.225914 | -48.225914>,<-13.318157 | -13.318157>,<-59.224941 | -59.224941>
34,0.000000,515.530029,760.700684,223.193268,62.863792,71.629326,60.380440,52.201942,76.741547,78.891953,78.838188,78.210106,42.904350,46.031139,33.411549,36.877819,<1.099163 | 20.632675>,<-30.222342 | -14.451927>,<3.971641 | 12.047037>,<-28.144127 | -18.758743>,<31.854485 | 31.854485>,<-1.216003 | -1.216003>,<25.495293 | 25.495293>,<-6.960522 | -6.960522>,<-21.041494 | -21.041494>,<-47.558945 | -47.558945>,<-5.141064 | -5.141064>,<-44.845284 | -44.845284>
35,0.000000,531.869995,777.368286,368.506805,63.316795,71.479256,59.550629,52.617035,76.741547,78.891953,78.838188,78.210106,47.428688,46.031139,33.411549,36.877819,<1.467046 | 20.768330>,<-29.415762 | -14.052801>,<4.222774 | 11.804073>,<-28.254982 | -19.155550>,<24.543015 | 24.543015>,<-5.281303 | -5.281303>,<23.596516 | 23.596516>,<-12.362682 | -12.362682>,<-1.026756 | -1.026756>,<-37.502022 | -37.502022>,<-5.141064 | -5.141064>,<-44.845284 | -44.845284>
36,1.000000,543.000000,804.923706,344.226837,65.355026,70.430084,60.953037,52.243877,76.741547,78.891953,78.838188,78.210106,45.261612,37.800426,33.411549,36.877819,<1.073002 | 21.592232>,<-29.704502 | -15.264022>,<3.011298 | 13.433014>,<-29.075068 | -19.931049>,<97.054138 | 97.054138>,<-5.281303 | -5.281303>,<135.340179 | 135.340179>,<-12.217010 | -12.217010>,<-64.805115 | -64.805115>,<-107.348251 | -107.348251>,<-103.874466 | -103.874466>,<-56.991348 | -56.991348>
37,1.000000,540.440002,776.873779,310.503967,66.471077,70.515678,60.045254,51.364784,76.741547,78.891953,78.838188,78.210106,47.428688,37.800426,33.411549,33.168251,<0.997683 | 20.988508>,<-29.967928 | -15.199002>,<4.657544 | 13.131095>,<-30.125462 | -20.973577>,<48.901672 | 48.901672>,<-5.281303 | -5.281303>,<97.856339 | 97.856339>,<-12.362682 | -12.362682>,<-73.918045 | -73.918045>,<-108.966110 | -108.966110>,<-5.141064 | -5.141064>,<-93.827766 | -93.827766>
38,2.000000,551.979980,786.562561,348.986633,67.000366,71.466545,59.371994,54.054733,76.741547,78.891953,78.838188,78.210106,40.102974,37.800426,33.411549,36.877819,<0.776505 | 21.287518>,<-30.241188 | -14.386410>,<4.173898 | 13.237979>,<-31.175188 | -21.649414>,<62.673325 | 62.673325>,<-5.281303 | -5.281303>,<100.537827 | 100.537827>,<-12.362682 | -12.362682>,<-48.711227 | -48.711227>,<-78.577454 | -78.577454>,<-14.214111 | -14.214111>,<-100.631958 | -100.631958>
39,1.000000,567.440002,804.570740,197.937973,65.532249,71.774239,60.180164,54.481293,76.741547,79.858582,78.838188,78.210106,35.142483,46.170891,33.411549,36.877819,<0.993877 | 21.377037>,<-31.318768 | -14.678514>,<3.524392 | 13.312106>,<-31.432056 | -21.986877>,<62.673325 | 62.673325>,<-5.281303 | -5.281303>,<144.516785 | 144.516785>,<-12.362682 | -12.362682>,<-48.711227 | -48.711227>,<-140.163345 | -140.163345>,<-26.086823 | -26.086823>,<-100.631958 | -100.631958>
40,0.000000,566.690002,782.603149,340.128571,66.831329,71.223206,61.002201,53.643890,76.741547,78.891953,78.838188,78.210106,47.428688,47.443008,33.411549,36.877819,<1.632409 | 20.797724>,<-29.597620 | -14.269087>,<4.046179 | 11.798827>,<-29.854073 | -21.798134>,<24.543015 | 24.543015>,<-5.281303 | -5.281303>,<23.596516 | 23.596516>,<-12.362682 | -12.362682>,<-1.026756 | -1.026756>,<-37.502022 | -37.502022>,<-5.141064 | -5.141064>,<-44.845284 | -44.845284>
41,0.000000,542.679993,782.142212,202.394867,66.373146,72.157059,61.486412,54.132687,76.741547,78.891953,78.838188,78.210106,47.428688,47.443008,33.411549,36.877819,<1.574046 | 21.013210>,<-29.494246 | -15.560908>,<3.439654 | 11.932878>,<-31.129927 | -22.504250>,<26.105782 | 26.105782>,<-5.281303 | -5.281303>,<23.596516 | 23.596516>,<-6.747524 | -6.747524>,<-17.914070 | -17.914070>,<-45.701855 | -45.701855>,<-20.226654 | -20.226654>,<-49.532890 | -49.532890>
42,0.000000,580.260010,889.925720,368.141174,66.994850,71.516396,61.549694,54.402966,76.741547,78.891953,78.838188,78.210106,47.428688,47.443008,33.411549,36.877819,<1.768302 | 20.973204>,<-28.428661 | -13.574485>,<3.812108 | 11.817889>,<-30.944761 | -22.884363>,<24.543015 | 24.543015>,<-5.281303 | -5.281303>,<13.349220 | 13.349220>,<-12.362682 | -12.362682>,<-1.026756 | -1.026756>,<-35.358791 | -35.358791>,<0.190968 | 0.190968>,<-44.845284 | -44.845284>
43,0.000000,574.270020,806.229065,352.016602,68.335831,72.174538,61.030220,55.807655,76.741547,78.891953,78.838188,78.210106,47.428688,47.443008,33.411549,36.877819,<1.803256 | 21.209688>,<-28.610523 | -13.790771>,<4.042022 | 11.720660>,<-30.330271 | -22.387470>,<24.543015 | 24.543015>,<-5.281303 | -5.281303>,<13.349220 | 13.349220>,<-12.362682 | -12.362682>,<-1.026756 | -1.026756>,<-35.358791 | -35.358791>,<0.190968 | 0.190968>,<-44.845284 | -44.845284>
44,0.000000,574.429993,881.382568,358.650665,68.726936,73.009682,60.270905,56.315468,76.741547,78.891953,78.838188,78.210106,47.428688,47.443008,33.411549,36.877819,<1.692028 | 21.124123>,<-28.797640 | -12.513329>,<4.156979 | 11.672047>,<-29.709850 | -22.088215>,<24.543015 | 24.543015>,<-5.281303 | -5.281303>,<13.349220 | 13.349220>,<-12.362682 | -12.362682>,<-1.026756 | -1.026756>,<-35.358791 | -35.358791>,<0.190968 | 0.190968>,<-44.845284 | -44.845284>
45,2.000000,562.210022,885.576538,412.323120,68.014763,71.873611,59.639164,54.428726,76.741547,78.891953,78.838188,78.210106,47.428688,32.088764,30.566168,32.642258,<-0.128923 | 21.711597>,<-30.244715 | -12.794333>,<3.907839 | 12.578977>,<-30.002678 | -21.326241>,<65.717453 | 65.717453>,<-5.281303 | -5.281303>,<66.808838 | 66.808838>,<-12.362682 | -12.362682>,<-99.753860 | -99.753860>,<-115.756683 | -115.756683>,<-52.944134 | -52.944134>,<-80.448303 | -80.448303>
46,0.000000,605.640015,914.022888,406.419830,68.151154,73.026512,60.424995,54.619873,76.741547,78.891953,78.838188,78.210106,47.428688,47.443008,33.411549,36.877819,<1.610272 | 20.892473>,<-30.164284 | -11.939156>,<4.559328 | 11.501897>,<-29.116116 | -20.899607>,<24.543015 | 24.543015>,<-5.281303 | -5.281303>,<13.349220 | 13.349220>,<-12.362682 | -12.362682>,<-1.026756 | -1.026756>,<-35.358791 | -35.358791>,<0.190968 | 0.190968>,<-44.845284 | -44.845284>
47,1.000000,574.070007,777.570313,408.928040,70.069305,73.512543,58.887306,54.925434,76.741547,78.891953,78.838188,78.210106,43.196854,47.443008,33.411549,36.877819,<0.967527 | 21.563326>,<-30.897072 | -11.815513>,<3.744975 | 12.512609>,<-30.392559 | -21.968822>,<93.257523 | 93.257523>,<-5.281303 | -5.281303>,<111.989502 | 111.989502>,<-12.362682 | -12.362682>,<-69.492340 | -69.492340>,<-76.942123 | -76.942123>,<-75.496399 | -75.496399>,<-159.847305 | -159.847305>
48,1.000000,569.409973,788.086426,431.866699,70.554840,73.955101,60.861549,54.954624,76.741547,78.891953,78.838188,78.210106,47.428688,46.012112,33.411549,36.877819,<0.774938 | 21.199436>,<-31.996632 | -12.896246>,<4.252051 | 11.442945>,<-29.239037 | -21.727659>,<47.038055 | 47.038055>,<-5.281303 | -5.281303>,<13.349220 | 13.349220>,<-12.362682 | -12.362682>,<-88.535980 | -88.535980>,<-113.087173 | -113.087173>,<-19.041031 | -19.041031>,<-66.560120 | -66.560120>
49,0.000000,593.640015,882.398987,358.932312,71.121727,73.174461,59.823177,54.744770,76.741547,78.891953,78.838188,78.210106,47.428688,41.639183,33.411549,34.975414,<1.908801 | 21.115324>,<-30.844551 | -12.386230>,<2.791271 | 11.718904>,<-29.862648 | -21.537773>,<26.560242 | 26.560242>,<-5.281303 | -5.281303>,<34.182999 | 34.182999>,<-3.949547 | -3.949547>,<-1.026756 | -1.026756>,<-35.358791 | -35.358791>,<-142.303101 | -142.303101>,<-121.385101 | -121.385101>
50,0.000000,591.989990,900.021423,318.689301,71.874397,74.540123,60.496140,54.982056,76.741547,78.891953,78.838188,78.210106,47.428688,47.443008,33.411549,36.877819,<1.406779 | 21.165537>,<-31.254200 | -12.687070>,<4.375805 | 11.727187>,<-28.008625 | -20.735462>,<28.556274 | 28.556274>,<-5.281303 | -5.281303>,<28.585953 | 28.585953>,<-3.640839 | -3.640839>,<-17.724628 | -17.724628>,<-35.358791 | -35.358791>,<-0.917747 | -0.917747>,<-44.845284 | -44.845284>
51,0.000000,642.500000,900.293701,422.467407,72.799271,75.058029,61.567329,55.855751,76.741547,78.891953,78.838188,78.210106,47.428688,47.443008,33.411549,36.877819,<1.547531 | 21.341860>,<-31.701197 | -13.696589>,<4.444372 | 11.550512>,<-26.560707 | -20.118982>,<24.543015 | 24.543015>,<-5.281303 | -5.281303>,<13.349220 | 13.349220>,<-12.362682 | -12.362682>,<-1.026756 | -1.026756>,<-35.358791 | -35.358791>,<0.190968 | 0.190968>,<-44.845284 | -44.845284>
52,0.000000,613.280029,789.587585,181.719406,73.076088,74.679375,62.496166,55.364521,76.741547,78.891953,78.838188,78.210106,47.428688,43.773579,33.411549,36.877819,<1.980394 | 21.787378>,<-32.905319 | -13.618544>,<6.307484 | 13.013764>,<-27.063183 | -19.902092>,<51.154312 | 51.154312>,<-5.281303 | -5.281303>,<155.439270 | 155.439270>,<-3.238113 | -3.238113>,<-1.026756 | -1.026756>,<-107.890175 | -107.890175>,<0.190968 | 0.190968>,<-122.935120 | -122.935120>
53,2.000000,613.539978,878.747009,313.496521,73.178116,74.252953,61.974510,56.715958,76.741547,78.891953,78.838188,79.908951,44.421005,39.017963,30.218622,36.877819,<2.596569 | 22.763132>,<-34.040802 | -13.671687>,<3.569796 | 12.323181>,<-28.352713 | -20.723452>,<97.480362 | 97.480362>,<-5.281303 | -5.281303>,<73.643646 | 73.643646>,<-3.238113 | -3.238113>,<-1.026756 | -1.026756>,<-110.164124 | -110.164124>,<-100.028145 | -100.028145>,<-118.301064 | -118.301064>
54,0.000000,610.150024,901.070251,306.076172,72.982254,74.277481,60.938000,54.205425,76.741547,78.891953,78.838188,78.210106,47.428688,43.773579,33.411549,33.839317,<2.099648 | 21.693476>,<-32.551109 | -13.743904>,<4.988407 | 11.788318>,<-27.304398 | -21.284571>,<51.154312 | 51.154312>,<-5.281303 | -5.281303>,<30.463554 | 30.463554>,<-3.238113 | -3.238113>,<-1.026756 | -1.026756>,<-107.890175 | -107.890175>,<0.190968 | 0.190968>,<-46.223351 | -46.223351>
55,0.000000,626.109985,906.928162,236.918930,73.287979,75.141914,58.314713,54.163364,76.741547,78.891953,78.838188,78.210106,47.428688,54.032085,33.411549,33.839317,<1.622290 | 21.695219>,<-31.882046 | -14.157187>,<4.650028 | 11.825335>,<-27.460670 | -21.012566>,<25.780228 | 25.780228>,<-5.281303 | -5.281303>,<30.463554 | 30.463554>,<-5.682255 | -5.682255>,<-15.645149 | -15.645149>,<-35.358791 | -35.358791>,<-4.608055 | -4.608055>,<-46.223351 | -46.223351>
56,0.000000,632.700012,906.677856,428.728333,73.533897,75.240746,57.352554,53.546387,76.741547,78.891953,78.838188,78.210106,47.428688,54.032085,33.411549,33.839317,<1.653449 | 21.700970>,<-32.405502 | -15.507206>,<4.456238 | 11.770271>,<-28.276718 | -21.841642>,<25.780228 | 25.780228>,<-5.281303 | -5.281303>,<30.463554 | 30.463554>,<-12.362682 | -12.362682>,<-1.026756 | -1.026756>,<-35.358791 | -35.358791>,<0.190968 | 0.190968>,<-46.223351 | -46.223351>
57,0.000000,647.340027,909.687134,425.054291,74.350250,75.275101,56.509933,53.376461,76.741547,78.891953,78.838188,78.210106,47.428688,54.032085,33.411549,33.839317,<1.721332 | 21.949888>,<-32.591698 | -16.313160>,<4.226325 | 11.867497>,<-28.479561 | -22.073147>,<25.780228 | 25.780228>,<-5.281303 | -5.281303>,<30.463554 | 30.463554>,<-12.362682 | -12.362682>,<-1.026756 | -1.026756>,<-35.358791 | -35.358791>,<0.190968 | 0.190968>,<-46.223351 | -46.223351>
58,1.000000,569.619995,808.263123,437.208771,73.960770,75.231865,55.683502,54.558495,76.741547,78.891953,78.838188,78.210106,44.093628,54.032085,33.411549,33.839317,<0.981216 | 22.492287>,<-33.806480 | -17.534918>,<4.007000 | 12.247265>,<-28.490911 | -21.339062>,<73.472382 | 73.472382>,<-5.281303 | -5.281303>,<56.187256 | 56.187256>,<-1.631638 | -1.631638>,<-66.453812 | -66.453812>,<-148.964859 | -148.964859>,<-33.237083 | -33.237083>,<-46.223351 | -46.223351>
59,0.000000,655.049988,903.541931,503.745697,74.649445,75.265594,54.840866,53.257652,76.741547,78.891953,78.838188,78.210106,47.428688,54.032085,33.411549,33.839317,<1.670441 | 22.157953>,<-32.422134 | -15.923706>,<4.283803 | 11.843187>,<-28.079796 | -21.412502>,<25.780228 | 25.780228>,<-5.281303 | -5.281303>,<30.463554 | 30.463554>,<-12.362682 | -12.362682>,<-1.026756 | -1.026756>,<-35.358791 | -35.358791>,<0.190968 | 0.190968>,<-46.223351 | -46.223351>
60,1.000000,598.539978,798.984070,455.395050,74.457108,75.131439,56.139931,55.270748,76.741547,78.891953,78.838188,78.210106,47.428688,39.549240,33.411549,36.877819,<1.212424 | 22.703894>,<-33.103107 | -15.510857>,<5.097574 | 12.599571>,<-28.153252 | -21.237490>,<80.374161 | 80.374161>,<-5.281303 | -5.281303>,<103.670929 | 103.670929>,<-12.362682 | -12.362682>,<-33.685837 | -33.685837>,<-93.738884 | -93.738884>,<0.190968 | 0.190968>,<-94.733185 | -94.733185>
61,0.000000,645.390015,899.155701,178.151398,73.847305,75.251343,55.864933,57.230343,76.741547,78.891953,78.838188,78.210106,38.825153,31.763264,33.411549,36.877819,<2.371215 | 23.085426>,<-33.509167 | -16.244513>,<4.482191 | 12.433891>,<-28.591612 | -21.546684>,<121.804352 | 121.804352>,<-5.281303 | -5.281303>,<91.964249 | 91.964249>,<-12.362682 | -12.362682>,<-1.026756 | -1.026756>,<-143.914764 | -143.914764>,<0.190968 | 0.190968>,<-159.744537 | -159.744537>
62,1.000000,659.559998,904.170227,459.720093,74.266228,75.474670,55.879581,57.656319,76.741547,78.891953,78.838188,78.210106,47.428688,46.885624,32.602264,36.877819,<0.169872 | 23.298779>,<-33.767487 | -17.733385>,<3.563337 | 12.469891>,<-27.931574 | -21.447905>,<139.862915 | 139.862915>,<-5.281303 | -5.281303>,<95.564301 | 95.564301>,<-12.362682 | -12.362682>,<-137.941040 | -137.941040>,<-142.783295 | -142.783295>,<-64.921051 | -64.921051>,<-52.280350 | -52.280350>
63,2.000000,637.000000,906.241333,266.822327,75.153603,75.422386,54.621845,58.542007,76.741547,78.891953,78.838188,78.210106,47.428688,50.476547,33.411549,36.877819,<-0.177466 | 23.709845>,<-33.908932 | -16.594110>,<3.094926 | 14.575252>,<-29.471819 | -22.680866>,<117.848633 | 117.848633>,<-5.281303 | -5.281303>,<150.999634 | 150.999634>,<-12.362682 | -12.362682>,<-94.076553 | -94.076553>,<-97.216286 | -97.216286>,<-123.668381 | -123.668381>,<-132.912033 | -132.912033>
64,0.000000,511.049988,734.684631,279.186829,74.829178,74.960236,54.452900,57.978867,76.741547,78.891953,78.838188,78.210106,32.879456,38.779533,33.411549,36.877819,<1.596582 | 22.083670>,<-32.820374 | -15.972544>,<3.626060 | 12.385956>,<-28.475647 | -21.666489>,<33.322113 | 33.322113>,<-1.948521 | -1.948521>,<34.005112 | 34.005112>,<-4.668957 | -4.668957>,<-7.325089 | -7.325089>,<-42.289471 | -42.289471>,<-14.796391 | -14.796391>,<-49.906933 | -49.906933>
65,0.000000,644.849976,897.104004,458.691467,76.174332,75.797112,55.593082,57.800133,76.741547,78.891953,78.838188,78.210106,70.438614,72.240768,33.411549,36.877819,<1.537580 | 22.129595>,<-32.846958 | -15.763474>,<3.697152 | 11.866504>,<-28.871489 | -22.495434>,<24.543015 | 24.543015>,<-5.281303 | -5.281303>,<13.349220 | 13.349220>,<-12.362682 | -12.362682>,<1.511482 | 1.511482>,<-35.358791 | -35.358791>,<0.190968 | 0.190968>,<-44.845284 | -44.845284>
66,1.000000,511.600006,780.993530,328.826294,76.044662,75.375969,55.688194,57.299320,79.691612,78.891953,78.838188,78.210106,60.824936,60.488628,33.411549,36.877819,<0.810004 | 23.467548>,<-33.096619 | -15.424865>,<2.898774 | 12.952519>,<-28.590643 | -21.621975>,<158.460144 | 158.460144>,<-5.281303 | -5.281303>,<103.554016 | 103.554016>,<-1.763504 | -1.763504>,<-37.242043 | -37.242043>,<-78.505020 | -78.505020>,<-68.410942 | -68.410942>,<-69.640930 | -69.640930>
67,0.000000,675.510010,900.629272,156.372726,75.997002,75.189301,56.661167,56.068970,76.741547,78.891953,78.838188,78.210106,65.311348,31.343969,32.751637,36.877819,<1.217941 | 22.490793>,<-33.236820 | -15.545292>,<2.939848 | 12.407183>,<-29.486744 | -22.545254>,<60.662857 | 60.662857>,<-5.281303 | -5.281303>,<40.679321 | 40.679321>,<-0.687897 | -0.687897>,<-27.842567 | -27.842567>,<-76.150330 | -76.150330>,<-12.313026 | -12.313026>,<-44.845284 | -44.845284>
68,0.000000,601.830017,832.027527,153.116104,75.940155,75.284401,57.888729,55.956631,76.741547,78.891953,78.838188,78.210106,70.438614,30.841667,33.411549,36.877819,<1.801507 | 22.255915>,<-32.861172 | -15.290798>,<2.828006 | 12.300497>,<-28.921160 | -22.081013>,<37.174980 | 37.174980>,<-5.281303 | -5.281303>,<30.010513 | 30.010513>,<-0.565720 | -0.565720>,<1.511482 | 1.511482>,<-44.329849 | -44.329849>,<-23.497082 | -23.497082>,<-44.845284 | -44.845284>
69,0.000000,583.070007,780.183838,312.452606,75.466156,75.848167,59.229183,54.337280,76.741547,78.891953,78.838188,78.210106,50.043892,60.338192,33.411549,36.877819,<1.589820 | 22.121990>,<-32.847462 | -14.876142>,<2.604399 | 12.258542>,<-29.107254 | -21.804661>,<23.782536 | 23.782536>,<-5.281303 | -5.281303>,<16.092144 | 16.092144>,<-12.362682 | -12.362682>,<1.511482 | 1.511482>,<-44.927193 | -44.927193>,<-22.866287 | -22.866287>,<-45.466461 | -45.466461>
70,0.000000,596.460022,800.467102,239.358185,75.284256,75.734940,59.844795,54.971268,76.741547,78.891953,78.838188,78.210106,45.588764,48.768784,33.411549,36.877819,<1.294378 | 22.821968>,<-32.922066 | -14.651004>,<3.157769 | 12.292455>,<-29.341541 | -21.336948>,<76.427505 | 76.427505>,<-5.281303 | -5.281303>,<43.175034 | 43.175034>,<-8.410332 | -8.410332>,<-24.453827 | -24.453827>,<-75.164780 | -75.164780>,<-15.765224 | -15.765224>,<-90.272484 | -90.272484>
71,0.000000,692.219971,901.385742,537.906738,75.733109,76.079498,59.804981,55.326550,76.741547,78.891953,78.838188,78.210106,70.438614,72.240768,33.411549,36.877819,<1.511481 | 22.105217>,<-32.579510 | -13.973605>,<3.409759 | 11.988041>,<-27.866133 | -21.041451>,<22.105198 | 22.105198>,<-5.281303 | -5.281303>,<13.349220 | 13.349220>,<-12.362682 | -12.362682>,<1.511482 | 1.511482>,<-35.358791 | -35.358791>,<0.190968 | 0.190968>,<-44.845284 | -44.845284>
72,0.000000,686.190002,906.060181,409.603302,75.703133,75.738129,60.157169,55.964577,76.741547,78.891953,78.838188,78.210106,54.834305,41.393360,33.411549,36.877819,<1.639652 | 22.128956>,<-32.321041 | -13.358010>,<3.463661 | 12.161929>,<-29.153484 | -21.973938>,<24.479057 | 24.479057>,<-4.288055 | -4.288055>,<30.738144 | 30.738144>,<-12.362682 | -12.362682>,<1.511482 | 1.511482>,<-35.358791 | -35.358791>,<0.190968 | 0.190968>,<-44.845284 | -44.845284>
73,0.000000,725.609985,909.937256,532.820862,75.922211,76.086403,60.700932,57.064980,76.741547,78.891953,78.838188,78.210106,70.438614,72.240768,33.411549,36.877819,<1.511481 | 22.105217>,<-32.387547 | -12.775839>,<3.754631 | 11.842197>,<-28.271833 | -21.504465>,<22.105198 | 22.105198>,<-5.281303 | -5.281303>,<13.349220 | 13.349220>,<-12.362682 | -12.362682>,<1.511482 | 1.511482>,<-35.358791 | -35.358791>,<0.190968 | 0.190968>,<-44.845284 | -44.845284>
74,0.000000,641.679993,865.032776,455.209076,75.607071,75.987701,62.514790,57.921986,76.741547,78.891953,78.838188,78.210106,70.438614,72.240768,33.411549,36.877819,<1.511481 | 22.105217>,<-32.387543 | -12.775837>,<3.869589 | 11.793584>,<-27.654377 | -21.106390>,<22.105198 | 22.105198>,<-5.281303 | -5.281303>,<13.349220 | 13.349220>,<-12.362682 | -12.362682>,<1.511482 | 1.511482>,<-35.358791 | -35.358791>,<0.190968 | 0.190968>,<-44.845284 | -44.845284>
75,1.000000,687.799988,900.725647,451.943512,75.170738,75.742607,64.128609,58.328056,76.741547,78.891953,78.838188,78.210106,52.020775,37.861019,33.411549,36.877819,<0.603902 | 22.528698>,<-33.042984 | -13.148816>,<3.272643 | 11.968076>,<-28.547235 | -21.554476>,<64.453293 | 64.453293>,<-5.281303 | -5.281303>,<16.214180 | 16.214180>,<-12.362682 | -12.362682>,<-89.246414 | -89.246414>,<-98.194382 | -98.194382>,<-25.016228 | -25.016228>,<-112.362381 | -112.362381>
76,1.000000,663.960022,925.253601,531.113403,75.239983,75.872078,63.281895,59.638233,76.741547,78.891953,78.838188,78.210106,65.246292,34.287266,33.411549,36.877819,<0.656859 | 22.552979>,<-33.076416 | -12.880939>,<3.536107 | 12.480198>,<-26.385326 | -18.248072>,<66.881454 | 66.881454>,<-5.281303 | -5.281303>,<82.010742 | 82.010742>,<-0.670677 | -0.670677>,<-83.950729 | -83.950729>,<-109.411552 | -109.411552>,<-33.156914 | -33.156914>,<-57.267429 | -57.267429>
77,1.000000,661.539978,873.039063,488.196014,75.347610,75.936859,62.189400,58.975285,76.741547,78.891953,78.838188,78.210106,57.102154,44.056335,33.411549,36.877819,<1.511092 | 22.212934>,<-32.605247 | -12.452106>,<3.170885 | 11.921731>,<-27.611156 | -19.435528>,<32.876968 | 32.876968>,<-5.281303 | -5.281303>,<35.887009 | 35.887009>,<-12.362682 | -12.362682>,<1.472595 | 1.472595>,<-68.940125 | -68.940125>,<-92.670563 | -92.670563>,<-139.873657 | -139.873657>
78,0.000000,680.489990,901.298096,447.942871,75.417946,76.548431,59.862637,60.653580,76.741547,78.891953,78.838188,78.210106,70.438614,75.256798,33.411549,36.877819,<1.511481 | 22.105217>,<-32.210377 | -12.079210>,<3.812109 | 11.817890>,<-25.664421 | -17.506716>,<22.105198 | 22.105198>,<-5.281303 | -5.281303>,<13.349220 | 13.349220>,<-12.362682 | -12.362682>,<1.511482 | 1.511482>,<-35.358791 | -35.358791>,<0.190968 | 0.190968>,<-44.845284 | -44.845284>
79,0.000000,693.659973,924.110413,208.806320,75.137238,76.304916,61.704746,58.412739,76.741547,78.891953,78.838188,78.210106,61.278015,52.470047,33.411549,36.877819,<1.446169 | 21.974258>,<-32.246746 | -12.017870>,<3.423153 | 11.993177>,<-25.710054 | -17.413811>,<22.105198 | 22.105198>,<-5.281303 | -5.281303>,<26.016609 | 26.016609>,<-12.362682 | -12.362682>,<-5.019695 | -5.019695>,<-40.061531 | -40.061531>,<-27.208820 | -27.208820>,<-44.845284 | -44.845284>
80,0.000000,704.640015,895.812256,555.804016,74.976746,76.532776,61.213585,59.148632,76.741547,78.891953,78.838188,78.210106,70.438614,75.256798,33.411549,36.877819,<1.511481 | 22.105217>,<-32.221031 | -12.047289>,<3.754631 | 11.842197>,<-25.455637 | -17.472841>,<22.105198 | 22.105198>,<-5.281303 | -5.281303>,<13.349220 | 13.349220>,<-12.362682 | -12.362682>,<1.511482 | 1.511482>,<-35.358791 | -35.358791>,<0.190968 | 0.190968>,<-44.845284 | -44.845284>
81,0.000000,679.169983,900.533203,299.308350,74.753860,76.031837,61.016102,59.490303,76.741547,78.891953,79.272629,78.210106,35.542309,40.049301,33.411549,36.877819,<2.063744 | 23.040586>,<-33.073753 | -12.916168>,<3.806095 | 12.173337>,<-27.191994 | -18.629635>,<115.642212 | 115.642212>,<-5.281303 | -5.281303>,<39.171173 | 39.171173>,<-12.362682 | -12.362682>,<1.511482 | 1.511482>,<-117.758766 | -117.758766>,<0.190968 | 0.190968>,<-157.625458 | -157.625458>
82,1.000000,549.590027,788.207703,385.822388,75.386475,76.513435,60.099903,60.238194,76.741547,78.891953,78.838188,78.210106,67.287125,73.321701,33.411549,36.877819,<0.776341 | 23.096058>,<-33.016010 | -12.266918>,<2.054792 | 12.935795>,<-26.998388 | -19.360289>,<121.189240 | 121.189240>,<-5.281303 | -5.281303>,<108.124481 | 108.124481>,<-12.362682 | -12.362682>,<-72.002563 | -72.002563>,<-110.016930 | -110.016930>,<-135.305725 | -135.305725>,<-99.474541 | -99.474541>
83,2.000000,620.859985,897.367554,490.592651,75.187363,76.656532,59.711990,61.358414,76.741547,78.891953,78.838188,78.210106,51.633125,69.972290,33.411549,36.877819,<0.114026 | 22.963629>,<-33.693623 | -12.980075>,<2.896101 | 12.288862>,<-28.669058 | -20.665390>,<84.241577 | 84.241577>,<-5.281303 | -5.281303>,<50.196854 | 50.196854>,<-12.362682 | -12.362682>,<-76.962639 | -76.962639>,<-106.253159 | -106.253159>,<-104.022835 | -104.022835>,<-151.793488 | -151.793488>
84,3.000000,619.270020,824.735229,488.385193,74.357414,76.220772,59.045090,62.076370,76.741547,78.891953,78.838188,78.210106,32.045364,38.245728,33.411549,36.877819,<1.029038 | 22.840368>,<-33.384758 | -12.199521>,<2.631441 | 12.200579>,<-27.685642 | -19.946894>,<81.104034 | 81.104034>,<-5.281303 | -5.281303>,<34.869995 | 34.869995>,<-12.362682 | -12.362682>,<-76.962639 | -76.962639>,<-102.044090 | -102.044090>,<-76.141159 | -76.141159>,<-99.329857 | -99.329857>
85,3.000000,685.840027,898.527527,187.216095,74.814743,75.679543,59.485111,61.796627,76.741547,78.891953,78.838188,78.210106,32.244392,38.245728,33.411549,30.774778,<-0.871216 | 23.619165>,<-34.154190 | -12.179731>,<1.780358 | 12.189672>,<-27.930857 | -19.761671>,<158.970825 | 158.970825>,<-1.456329 | -1.456329>,<37.332367 | 37.332367>,<-1.564266 | -1.564266>,<-131.940536 | -131.940536>,<-143.603317 | -143.603317>,<-123.494568 | -123.494568>,<-99.329857 | -99.329857>
86,1.000000,669.119995,907.179138,256.373444,74.425056,76.042625,57.194859,61.166737,76.741547,78.891953,78.838188,78.210106,34.936516,39.955570,33.411549,32.415680,<1.378434 | 22.108669>,<-33.288467 | -12.102039>,<3.015110 | 12.192256>,<-27.213324 | -19.222261>,<39.896606 | 39.896606>,<-0.078491 | -0.078491>,<50.266312 | 50.266312>,<-9.430786 | -9.430786>,<-40.901764 | -40.901764>,<-114.005798 | -114.005798>,<-25.659590 | -25.659590>,<-103.919571 | -103.919571>
87,2.000000,587.450012,914.551819,234.920258,73.664078,74.867775,59.377949,59.516205,76.741547,78.891953,78.838188,78.210106,34.936516,39.955570,33.411549,32.415680,<2.413201 | 23.278337>,<-34.389668 | -13.264942>,<3.100987 | 13.068012>,<-28.769487 | -19.950363>,<90.569366 | 90.569366>,<-0.078491 | -0.078491>,<141.571350 | 141.571350>,<-12.362682 | -12.362682>,<1.511482 | 1.511482>,<-119.535004 | -119.535004>,<-54.792007 | -54.792007>,<-156.126266 | -156.126266>
88,2.000000,568.809998,804.592773,247.460938,73.830521,74.881020,60.255455,58.494629,76.741547,78.891953,78.838188,78.210106,34.936516,39.955570,33.411549,32.415680,<0.732545 | 23.710377>,<-33.607788 | -12.170183>,<1.572477 | 12.241027>,<-28.691011 | -20.279539>,<149.977753 | 149.977753>,<-0.078491 | -0.078491>,<71.885834 | 71.885834>,<-8.779877 | -8.779877>,<-130.411041 | -130.411041>,<-108.892654 | -108.892654>,<-133.595520 | -133.595520>,<-158.149139 | -158.149139>
89,1.000000,666.130005,906.422546,249.192505,74.246582,75.024826,60.461342,58.802303,79.033844,78.891953,78.838188,78.210106,34.936516,39.955570,33.411549,32.415680,<0.859374 | 22.114199>,<-33.040348 | -12.491399>,<4.486406 | 11.634290>,<-28.983192 | -20.978701>,<25.647568 | 25.647568>,<-0.078491 | -0.078491>,<28.792603 | 28.792603>,<-12.362682 | -12.362682>,<-74.058220 | -74.058220>,<-106.568741 | -106.568741>,<-25.659590 | -25.659590>,<-96.580070 | -96.580070>
90,0.000000,617.669983,889.546326,178.728119,74.178894,75.091843,59.346493,58.480701,76.741547,78.891953,78.838188,78.210106,34.936516,39.955570,33.411549,32.415680,<1.968171 | 22.290888>,<-32.414154 | -11.928951>,<4.407326 | 11.358582>,<-29.198679 | -21.650568>,<37.130020 | 37.130020>,<-0.078491 | -0.078491>,<13.349220 | 13.349220>,<-6.083168 | -6.083168>,<1.511482 | 1.511482>,<-41.981636 | -41.981636>,<-25.659590 | -25.659590>,<-44.845284 | -44.845284>
91,0.000000,612.099976,808.838501,237.878189,73.815613,74.549728,59.448734,59.850777,76.741547,78.891953,78.838188,78.210106,34.936516,39.955570,33.411549,32.415680,<1.615071 | 22.140640>,<-32.299530 | -11.808534>,<4.300822 | 11.455549>,<-30.476591 | -23.271797>,<25.647568 | 25.647568>,<-0.078491 | -0.078491>,<13.349220 | 13.349220>,<-12.362682 | -12.362682>,<1.511482 | 1.511482>,<-41.240108 | -41.240108>,<-25.659590 | -25.659590>,<-44.845284 | -44.845284>
92,0.000000,651.159973,916.124390,496.213196,74.478958,75.674568,60.702103,59.423428,76.741547,78.891953,78.838188,78.210106,34.936516,44.236244,33.411549,36.877819,<1.511481 | 22.105217>,<-32.192326 | -11.860560>,<4.559329 | 11.501901>,<-29.909487 | -22.862444>,<22.105198 | 22.105198>,<-5.281303 | -5.281303>,<13.349220 | 13.349220>,<-12.362682 | -12.362682>,<1.511482 | 1.511482>,<-32.487617 | -32.487617>,<0.190968 | 0.190968>,<-44.845284 | -44.845284>
93,1.000000,668.109985,905.173462,395.899231,74.407822,75.656563,63.742729,58.568275,76.741547,78.891953,78.838188,78.210106,34.936516,44.236244,33.411549,32.303524,<1.414329 | 21.953598>,<-32.133087 | -12.050806>,<3.929625 | 11.948062>,<-29.427668 | -22.600559>,<22.105198 | 22.105198>,<-3.548458 | -3.548458>,<39.563614 | 39.563614>,<-12.362682 | -12.362682>,<-9.728924 | -9.728924>,<-49.893970 | -49.893970>,<-37.153168 | -37.153168>,<-44.845284 | -44.845284>
94,1.000000,605.260010,846.828308,251.388550,73.499451,74.707809,62.589787,58.479935,76.741547,78.891953,78.838188,78.210106,34.936516,35.374317,32.722893,36.877819,<1.199416 | 23.542198>,<-33.650570 | -11.980402>,<4.107090 | 13.500109>,<-31.060448 | -22.449163>,<139.081665 | 139.081665>,<-3.548458 | -3.548458>,<139.088257 | 139.088257>,<-7.461029 | -7.461029>,<-40.499893 | -40.499893>,<-143.471909 | -143.471909>,<-85.477974 | -85.477974>,<-150.515808 | -150.515808>
95,0.000000,615.099976,800.506165,375.597321,73.908562,75.599609,63.185768,57.739670,76.741547,78.891953,78.838188,78.210106,34.936516,44.236244,33.411549,36.877819,<1.541985 | 22.056892>,<-31.548542 | -10.974474>,<4.449153 | 11.699786>,<-29.222755 | -22.501152>,<22.105198 | 22.105198>,<-3.548458 | -3.548458>,<17.166859 | 17.166859>,<-12.362682 | -12.362682>,<1.511482 | 1.511482>,<-32.487617 | -32.487617>,<0.190968 | 0.190968>,<-44.845284 | -44.845284>
96,1.000000,628.099976,846.201050,150.714966,74.992081,76.178284,64.099533,57.093719,76.741547,78.891953,78.838188,78.210106,40.785103,33.412090,33.411549,36.877819,<1.004674 | 23.169645>,<-31.884932 | -11.030043>,<3.579809 | 13.248022>,<-29.392237 | -22.034710>,<119.041321 | 119.041321>,<-3.548458 | -3.548458>,<153.741791 | 153.741791>,<-12.362682 | -12.362682>,<-69.446678 | -69.446678>,<-68.488724 | -68.488724>,<-24.871559 | -24.871559>,<-156.872894 | -156.872894>
97,0.000000,647.090027,844.408081,257.803345,75.143005,76.664207,63.227249,57.006996,76.741547,78.891953,78.838188,78.210106,51.873627,63.868618,33.411549,36.877819,<1.400384 | 22.065252>,<-31.331621 | -10.399467>,<3.636714 | 12.028543>,<-27.244394 | -21.399284>,<22.941265 | 22.941265>,<-3.548458 | -3.548458>,<21.917664 | 21.917664>,<-1.834126 | -1.834126>,<-12.648584 | -12.648584>,<-32.487617 | -32.487617>,<-23.574501 | -23.574501>,<-44.845284 | -44.845284>
98,0.000000,606.809998,819.278503,139.060394,74.459930,75.964531,62.023148,58.388676,76.741547,78.891953,78.838188,78.210106,34.231701,35.483231,33.411549,36.877819,<1.657958 | 22.861685>,<-32.859756 | -12.068429>,<3.486795 | 12.263655>,<-28.214436 | -21.558681>,<100.273376 | 100.273376>,<-3.548458 | -3.548458>,<46.712723 | 46.712723>,<-12.362682 | -12.362682>,<-23.348587 | -23.348587>,<-118.613113 | -118.613113>,<-21.910110 | -21.910110>,<-113.474564 | -113.474564>
99,0.000000,637.940002,840.911499,184.921280,74.259270,75.987816,60.972832,57.740604,76.741547,78.891953,78.838188,78.210106,34.231701,35.483231,33.411549,36.877819,<1.921810 | 22.055840>,<-32.160263 | -11.886042>,<4.083806 | 12.301033>,<-27.453894 | -20.807659>,<45.428040 | 45.428040>,<-3.548458 | -3.548458>,<46.712723 | 46.712723>,<-12.362682 | -12.362682>,<-0.572754 | -0.572754>,<-118.613113 | -118.613113>,<-7.462753 | -7.462753>,<-80.601913 | -80.601913>
100,1.000000,601.919983,918.518433,361.862793,74.509079,75.928322,60.921097,58.065918,76.741547,78.891953,78.838188,78.210106,61.689194,42.971249,31.944052,36.877819,<1.566123 | 22.235415>,<-31.670809 | -10.945796>,<3.458572 | 12.399776>,<-26.832355 | -20.299812>,<60.969330 | 60.969330>,<-3.548458 | -3.548458>,<62.835236 | 62.835236>,<-12.362682 | -12.362682>,<-0.572754 | -0.572754>,<-48.306442 | -48.306442>,<-62.474281 | -62.474281>,<-91.274010 | -91.274010>
Average: ,2.070000,547.456970,801.234558,298.096771
Generation,Death percentage,Average fitness,Top fitness,Min fitness,Average hip1 velocity,Average knee1 velocity,Average hip2 velocity,Average knee2 velocity,Top hip1 velocity,Top knee1 velocity,Top hip2 velocity,Top knee2 velocity,Min hip1 velocity,Min knee1 velocity,Min hip2 velocity,Min knee2 velocity,Average hip1 rotation,Average knee1 rotation,Average hip2 rotation,Average knee2 rotation,Top hip1 rotation,Top knee1 rotation,Top hip2 rotation,Top knee2 rotation,Min hip1 rotation,Min knee1 rotation,Min hip2 rotation,Min knee2 rotation
